0.12729,0.0654387,6.55341,0.106984,0.0649762,6.56093,0.118014,0.0665758,9.96789,0.119141,0.0667761,10.2991
0.320947,-0.0345908,8.45769,0.303323,-0.0351251,8.52627,0.322179,-0.0258553,8.18534,0.30331,-0.0253901,8.22853
0.113683,-0.0200736,6.60763,0.114421,-0.0199577,6.5575,0.103183,-0.0250846,10.1036,0.117531,-0.0252526,10.3878
0.314349,-0.00925452,8.28196,0.319088,-0.00930181,8.45167,0.314636,-0.0118842,8.21433,0.319228,-0.0119048,8.38098
0.127793,-0.00241421,6.49445,0.125123,-0.00248783,6.52635,0.115737,-0.00375889,10.0916,0.121709,-0.00373802,10.4661
0.319949,0.00295073,8.15116,0.321817,0.00288929,8.37113,0.319393,0.00145711,8.2588,0.321498,0.00148285,8.48802
2.77556e-17,3.46945e-17,0,-3.46945e-17,3.46945e-17,0,0.845686,0.845686,3.38274,3.86221,8.03013,32.1205
-2.68882e-17,2.77556e-17,0,-2.77556e-17,2.94903e-17,0,0.735082,1.26413,5.0565,7.31869,7.31869,29.2748
2.77556e-17,4.16334e-17,0,1.27856,1.27856,5.11424,0.94689,0.94689,3.78756,5.94117,5.44188,23.7647
9.71445e-17,1.11022e-16,0,1.07064,1.07064,4.28256,1.34177,1.34177,5.36709,5.58484,2.39717,22.3394
0,8.67362e-19,0,0.592519,0.592519,2.37007,1.56368,1.40497,6.25472,5.76986,1.72159,23.0794
-1.45717e-16,1.52656e-16,1.29422e-31,-1.52656e-16,1.59595e-16,0,0.757347,-0.356574,24.6788,-0.917906,0.363932,7.8334
-2.77556e-17,2.77556e-17,0,-2.77556e-17,2.77556e-17,0,1.65709,-6.10506,26.6272,1.78606,-1.78606,7.14423
0,-4.33681e-19,0,0,0,0,5.04032,-4.13105,24.3484,0.845157,-2.17227,8.6891
1.94575,-1.69604,7.78299,0.228978,-0.228978,0.915913,3.00532,-1.33692,14.659,1.87323,-1.22766,9.07639
0.485493,-0.485493,1.94197,8.67362e-19,0,0,2.1434,-1.61056,19.666,2.17876,-1.54012,11.1027
0,0,0,0,0,0,-1.27026,-0.551212,5.86286,0.810591,0.497248,26.57
9.02056e-17,-8.32667e-17,0,-9.02056e-17,-1.94289e-16,1.60237e-31,1.21388,1.21388,4.85552,1.89451,6.05509,28.8228
-2.68882e-17,2.77556e-17,0,-2.86229e-17,2.86229e-17,0,1.41699,1.43297,5.73189,4.06845,4.58642,27.242
9.80119e-17,1.01481e-16,0,0.715507,0.715507,2.86203,1.22622,1.72884,6.91534,4.70817,2.34781,22.7253
2.67147e-16,2.81025e-16,0,1.21356,1.21356,4.85424,1.88044,1.19988,8.08535,3.15662,1.44135,19.4535
0,0,0,0,0,0,0.133067,-0.0823635,21.1479,-0.10954,0.107019,11.4321
0.550643,-0.758068,6.34903,0.149152,-0.149152,0.596608,0.97286,-1.58815,15.2562,2.17897,-1.53739,10.5726
0.965778,-0.869795,7.63752,0.726117,-0.726117,2.90447,1.06691,-0.967683,12.8772,1.10574,-0.938038,9.27148
0.48672,-0.444653,5.59263,0.443794,-0.426604,1.77518,0.646914,-0.781613,14.0597,1.16369,-0.771815,11.2714
0.666216,-0.401741,7.04749,0.820693,-0.396044,3.769,0.695265,-0.475512,11.9859,0.790708,-0.467531,9.61782
-2.34073,-4.15286,16.6114,-1.14072,-1.14072,4.5629,-2.45118,-2.45118,9.80473,-0.545322,-0.545322,2.18129
-1.80209,-3.48234,13.9294,-0.698616,-0.698616,2.79446,-3.08312,-2.48291,12.3325,-0.948699,-0.948699,3.79479
-1.40031,-1.72014,15.4557,-1.42884,-1.42395,5.71537,-1.33259,-0.623954,8.78968,-0.700084,-0.613067,2.80034
-1.97627,-0.626817,12.8014,-0.626049,-0.689834,4.7535,-1.79337,-1.20405,10.7045,-0.739511,-1.07009,4.75124
-1.16806,-0.667486,14.4658,-0.831554,-0.647719,6.89049,-0.995581,-0.720568,7.81644,-0.727047,-0.667178,3.41456
0.154034,0.13905,12.1688,-0.275395,0.251082,18.5315,0,0,0,0.314795,0.0418167,1.25918
-0.141535,0.141535,0.566141,0.419685,1.29244,5.16976,-2.80519,1.87059,11.2208,-2.42741,1.30554,15.9288
-0.133127,1.24516,12.1281,0.351685,1.27537,16.1545,0.0407557,0.0407557,0.163023,0.604752,0.636889,2.54755
-0.553938,0.553938,2.21575,-1.16217,0.565371,4.64868,-1.07195,0.65773,11.7745,-1.23874,0.665177,14.3495
0.316702,0.456174,12.4234,0.100852,0.461803,14.6879,0.367005,0.367005,1.46802,0.290578,0.518636,2.62362
-0.150321,-0.559771,25.789,0.971538,0.136352,6.69554,0,0,0,0,0,0
-1.12191,-4.17752,16.7101,-1.21935,-1.21935,4.8774,-2.55527,-2.55527,10.2211,-0.237308,-0.237308,0.94923
-0.983099,-3.38607,13.5443,-1.09306,-1.09306,4.37226,-1.99823,-0.633255,11.4665,-0.873728,-0.803058,3.49491
-1.58121,-1.15807,14.9358,-0.31033,-1.08046,7.06308,-1.28968,-1.57441,8.40737,-0.258348,-0.552758,2.21103
-1.12585,-0.765212,12.1563,-0.761657,-0.721581,5.90904,-1.06219,-0.856135,10.0766,-0.762448,-0.832403,4.81314
0.433458,0.172325,11.3766,0.0648803,0.322542,20.7689,0,0,0,0,0,0
-0.054296,0.054296,0.217184,0.198273,1.13134,4.52534,-2.71737,2.53735,10.8695,-2.61211,1.10852,17.6031
-0.40138,1.32257,11.6006,0.930854,1.44175,17.5029,0,0,0,0.507276,0.507276,2.0291
-0.427022,0.427022,1.70809,-1.05475,0.615055,4.219,-1.201,0.760258,11.4988,-1.46394,0.781408,15.8417
0.535837,0.559575,12.0378,0.136696,0.54975,16.0684,0.272138,0.272138,1.08855,0.367046,0.526801,2.1072
-6.07153e-18,6.93889e-18,0,-6.93889e-18,-6.93889e-18,0,0.0292328,-0.198159,9.63696,0.211295,0.049782,22.5429
1.00993,0.322812,4.03972,1.36392,0.372939,11.7482,1.20639,1.20639,4.82555,1.55964,2.43643,11.5476
0.0305901,0.10548,0.421918,1.12203,1.42918,6.52768,0.212783,0.952915,10.0009,1.24493,1.01449,15.8586
1.04284,0.596194,4.97387,1.07227,0.619083,10.1903,1.04845,0.599249,6.04766,1.07788,0.628205,10.8014
0.306783,0.306783,1.22713,0.518452,0.444914,5.79453,0.696532,0.5409,10.621,0.590494,0.558142,14.8935
0.126311,0.0954841,8.63751,-0.0661379,0.173692,14.5309,0.233707,0.046662,2.87021,0.202525,0.0649728,6.52539
-0.241889,0.241889,0.967558,-0.550829,1.07679,4.86162,-1.27201,0.78553,10.4944,-0.84768,0.777433,16.839
0.375914,0.477397,8.80848,-0.0490117,0.487234,13.873,0.443197,0.585934,3.14964,0.155826,0.603271,6.09996
-0.497408,0.361951,1.98963,-0.61689,0.374516,4.41359,-0.66175,0.405375,11.1405,-0.771396,0.411459,15.6614
0.347719,0.227908,9.36354,0.097635,0.22649,13.1166,0.405171,0.294571,3.8383,0.240836,0.302705,5.67468
0,0,0,0,0,0,-0.78359,-0.78359,3.13436,0.439378,0.700188,28.9102
8.67362e-17,8.32667e-17,7.08742e-32,-8.67362e-17,9.02056e-17,0,0.583071,0.583071,2.33228,3.61761,7.80482,31.2193
1.39862e-16,-2.52836e-16,0,0.908684,0.272802,3.63473,0.936272,0.936272,3.74509,5.28281,5.37249,25.0618
5.37764e-17,5.72459e-17,0,1.8987,1.76265,7.59482,1.34899,1.34899,5.39596,3.9403,1.95837,19.1452
6.76542e-17,7.11237e-17,0,1.10842,0.991179,4.43367,1.66393,1.47663,6.65572,2.9916,1.59454,21.1708
0.130249,0.0216759,4.9681,0.152846,0.0429881,7.22581,0.139825,0.0489233,8.85824,0.0520052,0.0378917,11.6459
0.0987678,0.110075,4.97362,0.0969791,0.124341,7.05461,0.0969636,0.138394,9.03265,0.00430228,0.130205,11.7173
0.117502,0.0736341,5.4179,0.0767218,0.0803829,7.22617,0.105549,0.106176,8.87471,0.00763328,0.101213,11.1974
0.0704929,0.0445766,5.46661,0.0484923,0.0494739,6.95155,0.0545537,0.0660379,9.09843,-0.0187933,0.0624602,11.1969
0.0729987,0.0211432,5.86509,0.053753,0.0243831,7.15732,0.0556718,0.035991,8.91428,0.00174023,0.0335958,10.7177
0.0190043,-0.0882921,0.353168,-0.034352,-0.132763,3.60049,0.073619,-0.0724494,13.7237,0.172337,-0.0582426,14.5021
0.805141,0.291728,8.92723,0.825528,0.294971,11.2284,0.828596,0.269612,4.51863,0.801851,0.285984,7.12707
-0.0622042,0.166525,0.6661,-0.129446,0.19678,3.87338,-0.0646805,0.235926,13.7852,-0.0266824,0.242398,14.5418
0.736945,0.125953,9.19562,0.70148,0.126919,10.8216,0.769591,0.13533,4.81764,0.710229,0.139335,6.85978
-0.110679,0.0739112,0.988258,-0.152739,0.0750821,3.75888,-0.142835,0.0940845,13.7969,-0.116186,0.0972466,14.206
0.0562424,0.081871,10.6277,-0.2322,0.172287,16.6995,0.248206,-0.0158435,1.16352,0.296793,-0.00487799,3.91963
-0.044583,0.044583,0.178332,-0.49276,0.909138,3.63655,-2.60673,1.20994,11.4805,-1.02915,1.1691,17.9324
0.217582,0.677088,10.8943,0.0620696,0.712829,16.1171,0.333191,0.333191,1.33276,0.427261,0.627069,3.24705
-0.310853,0.310853,1.24341,-0.753977,0.516346,3.01591,-1.3622,0.464803,12.3688,-1.33835,0.461027,16.7078
0.394456,0.256469,11.6824,0.087394,0.249975,15.4214,0.476316,0.322418,1.90526,0.362737,0.326061,2.63361
0.0673897,-0.0811838,7.31948,0.0684846,-0.0800379,7.03694,0.0472862,-0.0876407,9.17167,0.0800131,-0.0883327,8.67825
0.0545738,-0.193958,7.06307,0.0448104,-0.193256,6.85195,0.0315984,-0.194553,9.42584,0.0556272,-0.195566,8.93055
0.0609466,-0.137101,7.16058,0.0978945,-0.137654,7.1961,0.0473704,-0.15891,9.05068,0.0996354,-0.156479,8.82488
0.0540531,-0.100937,6.81133,0.0685422,-0.101468,7.09686,0.0368375,-0.111919,9.21747,0.070193,-0.110083,9.13951
0.0831447,-0.0735435,6.95793,0.0957685,-0.0740359,7.37247,0.0701703,-0.0826022,8.90236,0.0945694,-0.0807489,8.99231
0.122179,0.0471916,7.30626,0.0977891,0.0581835,8.88033,0.1205,0.0562657,7.41822,0.0992824,0.0551146,8.78094
-0.097465,0.260272,5.40593,-0.0600389,0.269733,6.65327,-0.101939,0.265918,9.37586,-0.127156,0.263682,11.1384
0.177775,0.177058,7.51175,0.0853017,0.176324,8.69929,0.171845,0.213842,7.52414,0.0928282,0.214057,8.53719
-0.059407,0.127451,5.85542,-0.0743896,0.128119,6.3881,-0.0703572,0.143899,9.60498,-0.118881,0.143252,10.721
0.159777,0.0830946,7.81232,0.121361,0.0822345,8.45024,0.157771,0.0977832,7.73792,0.125525,0.0977527,8.26926
0.0862706,-0.0759384,5.38548,0.063793,-0.0768649,5.82294,0.0369436,-0.0827747,10.7503,0.108887,-0.0809059,10.3349
0.267876,-0.0273219,7.62522,0.290779,-0.0284391,7.87658,0.262634,-0.0417321,8.307,0.291791,-0.0391602,8.42098
0.0649291,-0.025373,5.3769,0.0398126,-0.0261594,6.04778,0.0219489,-0.0247482,10.6427,0.0584057,-0.0232375,10.4447
0.257564,-0.0174127,7.50601,0.263793,-0.0181509,7.91759,0.251184,-0.0234721,8.25784,0.263327,-0.0217445,8.50451
0.0545062,-0.0159122,5.34405,0.0377754,-0.0164769,6.15965,0.016616,-0.0154525,10.5118,0.0394744,-0.0141268,10.446
0.0351982,0.055165,3.64366,0.0951961,0.0582693,1.25791,0.221159,0.0231679,13.8596,0.0750848,0.0300451,13.588
0.787114,-0.292068,10.5459,0.791105,-0.293407,9.0348,0.767992,-0.302204,7.16319,0.824773,-0.290814,5.27945
-0.0765571,-0.203482,3.9292,0.0275827,-0.200591,1.57898,0.0164513,-0.238811,13.8619,-0.0207049,-0.236373,13.5918
0.666616,-0.143197,10.1833,0.72575,-0.141428,9.22739,0.673583,-0.172364,6.95194,0.759736,-0.169698,5.5611
-0.0926102,-0.0991847,3.88107,-0.0334955,-0.0982971,1.89179,-0.0605395,-0.113203,13.5293,-0.0913043,-0.112308,13.5429
0.0840888,-0.068961,6.62126,0.0701258,-0.0653629,6.13816,0.0259778,-0.0795689,10.3497,0.0903185,-0.0812896,9.26129
0.117958,-0.13142,7.17361,0.12274,-0.12925,6.68837,0.0825748,-0.141205,9.70452,0.128759,-0.142316,8.82339
0.0569558,-0.0933844,6.53636,0.0728856,-0.093429,6.38364,0.0140232,-0.112177,10.1553,0.0757774,-0.111156,9.36885
0.104896,-0.0661059,6.99121,0.118581,-0.0664493,6.93564,0.077525,-0.0786206,9.46415,0.115993,-0.0777478,8.9671
0.0588113,-0.0468763,6.40781,0.0603246,-0.0473653,6.60733,0.0235019,-0.0548784,9.93319,0.0553364,-0.0540595,9.46308
-0.0437985,0.135703,3.06599,2.37982e-17,2.44759e-17,0,0.246802,0.00919207,14.9965,0.186296,0.0199157,14.2499
0.913678,-0.378296,11.4759,0.95115,-0.371611,9.35058,0.8757,-0.392985,6.81664,0.964435,-0.37459,4.26759
-0.106239,-0.32142,3.36198,-0.0721923,-0.098356,0.393424,0.038914,-0.360123,14.9794,-0.0465944,-0.352875,14.3098
0.80723,-0.194168,10.9945,0.824125,-0.192782,9.64828,0.806573,-0.1994,6.51012,0.858982,-0.192567,4.64084
-0.156458,-0.118654,3.24837,-0.09381,-0.115116,0.767956,-0.0932563,-0.151728,14.571,-0.114097,-0.150009,14.3235
-0.00441422,-0.101773,11.2715,0.0876745,-0.0694879,8.13977,0.0965622,-0.0668361,7.48146,0.0969949,-0.0692613,5.51094
-0.334941,-0.494502,5.68383,-0.434104,-0.471857,3.57259,-0.485288,-0.481394,13.4254,-0.434369,-0.484543,10.0707
-0.0138855,-0.321001,10.8894,0.242136,-0.319406,8.35718,0.0733917,-0.408717,7.11669,0.240819,-0.401362,5.66973
-0.353859,-0.242493,5.22434,-0.341696,-0.239406,4.33898,-0.445897,-0.269191,12.737,-0.35234,-0.268523,10.4826
0.0915293,-0.153686,10.4136,0.20692,-0.154874,8.82512,0.150983,-0.192442,6.73403,0.216374,-0.18973,6.09139
-0.00296674,0.0672877,3.61391,0.0668072,0.0717679,0.698603,0.240779,0.012792,14.3715,0.066845,0.0286621,13.5724
0.850766,-0.332158,11.1527,0.834035,-0.333539,9.06227,0.814034,-0.335984,7.04489,0.870941,-0.317832,4.63529
-0.107915,-0.225387,3.89498,-0.00292148,-0.223729,1.06296,0.0212082,-0.270412,14.3626,-0.0384446,-0.263428,13.6121
0.714867,-0.156915,10.6903,0.769222,-0.156449,9.28162,0.715693,-0.184796,6.81075,0.807341,-0.179857,5.01209
-0.119068,-0.106204,3.79728,-0.0592462,-0.106131,1.4303,-0.0647732,-0.125128,13.9867,-0.109136,-0.12186,13.5961
-0.0108292,-0.104486,11.6277,0.0871067,-0.0707253,8.33231,0.106162,-0.0642719,7.25707,0.106671,-0.064607,5.20232
-0.364017,-0.51646,5.64215,-0.469554,-0.492294,3.36978,-0.516702,-0.499838,13.6173,-0.479327,-0.501642,10.1691
-0.0150782,-0.332489,11.2116,0.253997,-0.33088,8.54514,0.0831574,-0.42322,6.89013,0.25967,-0.415853,5.37519
-0.381093,-0.251081,5.16621,-0.369836,-0.24771,4.17453,-0.473153,-0.276719,12.8947,-0.385328,-0.276168,10.5958
0.0988481,-0.15725,10.7018,0.2193,-0.158514,9.02155,0.16562,-0.197064,6.50736,0.234004,-0.194454,5.82622
0.0240395,0.0670605,4.117,0.0850223,0.0684637,1.76493,0.207926,0.03134,13.4522,0.0605553,0.0430676,12.9256
0.730683,-0.252212,10.3823,0.70582,-0.254739,8.7138,0.706191,-0.250881,7.37548,0.735754,-0.23749,5.49159
-0.0678366,-0.16793,4.3917,0.0278717,-0.167265,2.06721,0.0273838,-0.204616,13.448,-0.0178403,-0.199627,12.9259
0.617447,-0.116955,10.0102,0.654003,-0.117158,8.85182,0.61858,-0.136485,7.22093,0.681411,-0.132803,5.79492
-0.0747674,-0.0768619,4.34519,-0.021766,-0.077034,2.36664,-0.0381713,-0.0921727,13.138,-0.0738899,-0.0897005,12.8761
0.0723711,-0.0677287,8.18829,0.0869259,-0.0579495,6.88322,0.0500784,-0.0707672,9.33912,0.0862004,-0.0731489,7.99552
-0.0342421,-0.240845,6.7207,-0.0543544,-0.233825,5.71596,-0.0992213,-0.243826,10.8517,-0.0526528,-0.246363,9.24709
0.0527202,-0.160658,8.00136,0.13083,-0.160881,7.12184,0.0418871,-0.198223,9.08424,0.123194,-0.196722,8.12669
-0.0448109,-0.114536,6.45515,-0.027346,-0.11448,6.14591,-0.0897656,-0.13202,10.4489,-0.0351166,-0.131698,9.4729
0.0817968,-0.0746561,7.75674,0.11205,-0.0753937,7.42528,0.0717404,-0.0902061,8.80753,0.106532,-0.0894697,8.33408
0.0645137,0.0599336,5.05366,0.111967,0.0585229,4.08089,0.148826,0.0584645,11.4524,0.0460918,0.0612753,11.7209
0.451484,-0.0721162,8.58346,0.430605,-0.074514,8.01793,0.447541,-0.0661147,8.06282,0.43835,-0.0621503,7.49515
0.00539496,-0.0430722,5.30545,0.0692762,-0.0433047,4.2196,0.0439586,-0.0563174,11.4817,0.00787526,-0.0552983,11.6375
0.389471,-0.0297115,8.49469,0.398102,-0.0304191,8.01355,0.390219,-0.0343021,8.03801,0.402665,-0.0329851,7.55455
-0.00239059,-0.0157006,5.38142,0.0337077,-0.0160948,4.33485,0.00614056,-0.0212899,11.3494,-0.0206639,-0.0204797,11.5089
0.0981495,-0.0564974,4.13167,0.0490397,-0.0580168,5.19222,0.0227225,-0.0615192,11.6975,0.121799,-0.0591309,11.3401
0.396624,0.0682762,7.92045,0.415364,0.0653276,8.52721,0.402383,0.0557545,7.59429,0.412734,0.059752,8.17747
0.057728,0.0424694,4.23773,-0.00635257,0.0423467,5.48384,-0.00896636,0.0534244,11.5639,0.0251491,0.054408,11.3934
0.367502,0.0347161,7.87888,0.357232,0.0338463,8.48962,0.370117,0.0369816,7.6056,0.358145,0.0385636,8.18517
0.0249186,0.0225982,4.3224,-0.0137302,0.0223065,5.60217,-0.0324458,0.0277917,11.3934,-0.00899963,0.0286882,11.2887
0.0999583,0.0561435,6.47654,0.0972062,0.064591,7.61005,0.105154,0.0740738,8.48449,0.0577903,0.0710151,9.7984
0.0326054,0.194748,5.97442,0.0422791,0.200827,6.97714,0.0373692,0.208881,9.05148,-0.0109436,0.206066,10.4543
0.123415,0.13858,6.69482,0.068715,0.139724,7.4929,0.117942,0.169321,8.57851,0.0435634,0.169689,9.59321
0.0452093,0.101047,6.31987,0.0257403,0.101736,6.76684,0.0395154,0.118189,9.21794,-0.0122709,0.11824,10.1344
0.104105,0.0713422,6.95195,0.082249,0.0713907,7.31545,0.0973174,0.0843777,8.72219,0.0613034,0.0845984,9.35371
0.0596124,-0.0769762,1.3141,-0.000933977,-0.0740679,4.05501,0.0379506,-0.0462492,13.2208,0.19402,-0.0330954,13.7122
0.723442,0.277361,8.72956,0.744469,0.275124,10.5868,0.755159,0.259672,5.24946,0.719276,0.275594,7.42096
0.00770754,0.184269,1.63014,-0.0951915,0.186151,4.38653,-0.0392165,0.223015,13.1707,0.00497386,0.228619,13.7171
0.668894,0.133685,8.83969,0.625183,0.133988,10.2034,0.698527,0.151276,5.57084,0.627177,0.155802,7.28219
-0.0403775,0.0899846,1.94904,-0.0989842,0.0905039,4.36697,-0.0953731,0.10696,13.0775,-0.0612238,0.109871,13.3915
0.108325,0.0635827,8.0116,0.0190749,0.0982524,11.2987,0.122531,0.0611192,5.43217,0.115241,0.0610168,7.67773
-0.404947,0.464542,3.36249,-0.319478,0.489596,5.8638,-0.416109,0.481359,10.0744,-0.467506,0.480238,13.4747
0.258271,0.316494,8.20861,0.00303211,0.320721,10.9304,0.259646,0.399981,5.58577,0.0871334,0.405386,7.33965
-0.317009,0.236624,4.13393,-0.339298,0.241176,5.44121,-0.335162,0.270493,10.4463,-0.429787,0.27114,12.779
0.219385,0.155414,8.65839,0.102507,0.155732,10.4608,0.230205,0.191075,5.99765,0.159638,0.192835,6.97847
6.15827e-17,6.35342e-17,-1.56e-31,-0.076486,-0.150314,2.82211,0.0941964,-0.0587326,13.5514,0.268947,-0.0199293,15.8719
1.00204,0.390042,9.12022,0.950064,0.395037,11.9376,0.940733,0.400695,3.76293,0.904199,0.425796,7.00626
-0.00860575,0.00860575,0.034423,-0.0796698,0.442808,3.76642,-0.174022,0.398818,13.9966,0.0692749,0.420362,15.2353
0.820428,0.222556,9.33822,0.842917,0.221202,11.3044,0.867228,0.202592,4.2983,0.835033,0.214508,6.78011
-0.0758909,0.117361,0.469446,-0.146514,0.143253,3.66675,-0.114786,0.170973,14.0152,-0.0750898,0.176112,14.7258
0.223474,-0.0122465,6.5917,0.257735,-0.00178331,7.40789,0.235371,-0.00517701,8.52917,0.206298,-0.00949646,10.0094
0.11473,0.158793,6.05365,0.158674,0.167124,6.67466,0.126809,0.164887,9.05987,0.0900403,0.160957,10.8351
0.20376,0.112519,6.89527,0.164693,0.112281,7.51837,0.20085,0.135403,8.45805,0.137137,0.137351,9.6245
0.0894054,0.0788463,6.54171,0.0848315,0.0790827,6.68977,0.0874252,0.0909368,9.08377,0.0417313,0.0915312,10.2899
0.143523,0.0502794,7.29395,0.129896,0.0497787,7.52446,0.139686,0.0587572,8.48462,0.112228,0.0595098,9.18038
0.100592,-0.038529,20.3229,0.352167,0.118393,11.7627,0.0355628,0.0355628,0.142251,0.00576289,0.00576289,0.0230515
0.178898,-0.753782,3.01513,-0.253115,-0.253115,1.01246,-2.68074,-0.629501,18.894,-2.62635,-2.62635,10.5054
0.991759,-1.33371,18.2792,-0.296574,-1.11512,11.2522,0.192514,-0.192514,0.770055,0.0321821,-0.208595,0.834379
-0.851236,-0.36242,3.40495,-0.652882,-0.426894,2.61153,-1.80998,-0.77598,16.4708,-1.21014,-0.685939,10.9671
0.121835,-0.468298,16.9089,0.239809,-0.456983,11.679,0.188159,-0.188159,0.752636,0.373902,-0.442176,1.97715
0.107566,-0.0227906,11.1743,-0.0328724,0.0208885,15.6116,0.227046,-0.0907032,2.39609,0.254589,-0.0905202,2.94965
-0.786009,0.741462,3.14404,-0.611442,0.803266,4.89735,-1.16693,0.568441,10.2485,-0.738161,0.541823,14.6575
0.339453,0.441375,10.9355,-0.0138216,0.432788,14.8771,0.398673,0.53034,2.63804,0.17135,0.550509,2.92942
-0.760675,0.34116,4.3629,-0.654087,0.351131,4.73419,-0.748462,0.318005,10.5921,-0.694853,0.313222,13.326
0.267037,0.206293,11.2977,0.15189,0.202702,13.9938,0.305708,0.232376,3.43963,0.255843,0.237274,2.79541
-0.0997738,-0.0711195,17.6299,0.096016,-0.00793463,11.6984,0.292563,0.0800203,1.85246,0.263035,0.0917741,1.05214
-0.709617,-1.09088,4.36353,-0.58812,-0.58812,2.35248,-0.866533,-0.728733,16.2415,-1.91531,-0.801237,10.2741
-0.0923841,-0.743198,16.6072,0.590064,-0.774951,11.3295,0.155994,-0.466912,1.86765,0.371642,-0.371642,1.48657
-0.935451,-0.352569,4.30594,-0.777429,-0.364894,3.6671,-0.9688,-0.470784,14.53,-0.792183,-0.448304,10.7938
0.19072,-0.269375,15.3987,0.275411,-0.269008,11.7112,0.320241,-0.280251,1.86514,0.355693,-0.276895,2.4938
0.135093,-0.0571903,6.19454,0.124905,-0.0465809,2.6923,0.22504,-0.0870454,12.202,0.188792,-0.0783219,11.0805
0.709981,-0.358509,10.7923,0.670952,-0.358365,8.89178,0.689583,-0.343183,7.61993,0.66656,-0.329799,4.57936
0.0547483,-0.265402,6.47691,0.0514878,-0.262193,3.31265,0.101407,-0.277442,11.9613,0.0813985,-0.273299,10.9744
0.570409,-0.186587,10.2853,0.603272,-0.183368,9.02831,0.566101,-0.200256,7.40457,0.608206,-0.19913,5.09547
0.0276411,-0.148244,6.45036,0.0194803,-0.147811,3.85981,0.0500606,-0.150069,11.4503,0.0313547,-0.147703,10.8418
0.0838113,0.0313415,0.528491,0.0747902,0.0490664,5.21525,0.177021,0.0935823,12.9805,0.240383,0.104128,13.5745
0.878522,0.492546,9.42054,0.870533,0.496203,11.428,0.884594,0.486673,3.57536,0.840542,0.502472,7.45575
-0.00707834,0.346263,1.38505,-0.0166474,0.388728,5.64029,0.028979,0.403187,12.7462,0.0658022,0.408624,13.2626
0.768539,0.252111,9.57429,0.691967,0.259187,10.7508,0.787847,0.294051,4.28753,0.688681,0.291465,7.16834
-0.0411439,0.2079,2.14673,-0.0495987,0.208377,5.63509,-0.0344774,0.212716,12.4969,-0.013027,0.214977,12.5722
1.68268e-16,1.7434e-16,0,-1.75207e-16,1.82146e-16,0,0.372559,-0.211806,20.4784,0.173373,-0.0762948,11.7902
1.20439,-0.79808,12.3576,1.89776,-0.703675,7.59104,1.14856,-1.08676,8.80168,0.763625,-0.763625,3.0545
0.380915,-1.04863,4.9367,0,0,0,0.590366,-1.00495,15.8602,0.207692,-0.945992,12.2828
1.05227,-0.522456,11.1303,0.988511,-0.51714,8.22939,1.03257,-0.49605,8.21227,0.975473,-0.473546,4.17933
0.160901,-0.477238,5.28303,0.103166,-0.103166,0.412665,0.240927,-0.490236,14.0849,0.1861,-0.481923,13.027
0,0,0,0,-5.55112e-17,0,0.167441,0.0960707,12.3113,0.345216,0.215558,19.999
1.86117,0.599239,8.527,1.19114,0.692987,12.3291,0.670928,0.670928,2.68371,1.12098,0.947206,8.23288
-1.63715e-16,2.72568e-16,0,0.23018,0.934955,4.24605,0.0156911,0.815922,12.7711,0.479505,0.886123,16.1186
0.988332,0.445692,8.9413,1.00764,0.449,11.2507,0.928454,0.423643,3.71382,0.983294,0.442529,7.81945
-2.46304e-16,9.78425e-17,0,0.0776755,0.479455,5.23529,0.0523114,0.460774,13.6554,0.167374,0.47429,13.9942
0.0204049,-0.0505683,3.97672,0,0,0,0.344454,-0.166345,14.5656,0.262547,-0.149569,13.7602
0.958288,-0.48031,11.4019,1.04606,-0.470409,9.77389,0.903415,-0.524322,7.23612,0.851505,-0.513752,3.40602
-0.0217336,-0.505967,5.01564,-0.0758265,-0.0950506,0.380202,0.120435,-0.497374,13.6056,-0.0429347,-0.481331,14.0486
0.784932,-0.275112,10.8335,0.781555,-0.276313,10.169,0.76832,-0.281299,6.80966,0.817085,-0.275609,3.89963
-0.140151,-0.200265,4.97621,-0.0819894,-0.197445,1.10659,-0.0694641,-0.218743,12.9442,-0.0858019,-0.219331,13.8703
0,0,0,-0.168032,-0.0170793,1.22765,0.210195,0.139029,12.5854,0.469086,0.234662,18.4378
1.83313,0.524666,10.0457,1.16786,0.608274,12.8029,0.425688,0.425688,1.70275,1.09189,0.836078,7.08751
-5.37764e-17,5.59448e-17,1.55278e-33,-0.0148564,0.764088,3.66472,-0.277749,0.620161,13.2787,0.230171,0.693766,16.2235
1.13045,0.299169,10.237,0.970509,0.319298,11.8192,0.663322,0.370014,2.65329,0.948525,0.368894,6.85078
-5.15863e-16,6.02816e-17,0,-0.073112,0.445695,4.80261,-0.309256,0.325324,13.9418,0.0184606,0.363535,14.2018
0.150352,-0.0788451,7.62057,0.1719,-0.0752698,7.82549,0.154403,-0.082384,8.17838,0.1629,-0.0844397,8.68825
0.0305682,0.049209,7.03038,0.0739933,0.0538737,7.00081,0.0400074,0.0423846,8.73281,0.0517867,0.0392471,9.68002
0.121955,0.0270431,7.76791,0.10851,0.0263916,8.00394,0.122249,0.0331143,8.0671,0.105435,0.0341816,8.45803
0.0142459,0.00930525,7.30761,0.0176044,0.00914222,7.10767,0.0170159,0.012007,8.69471,0.00447562,0.012376,9.30584
0.0823449,-0.00408402,7.99024,0.0793218,-0.00421413,8.08105,0.0822624,-0.00289366,8.0442,0.0789246,-0.00269792,8.16201
0,-3.33067e-16,0,-0.0619065,0.0287622,3.09447,0.192356,0.131063,12.5343,0.393181,0.195059,16.5513
1.54035,0.498592,9.92931,1.11282,0.548301,12.6509,0.475255,0.475255,1.90102,1.03675,0.709715,7.13298
1.67618e-16,1.72822e-16,0,0.0212225,0.699446,4.99257,-0.26709,0.544602,13.229,0.202087,0.604422,14.823
1.00869,0.292618,10.2251,0.92428,0.302025,11.8178,0.66869,0.330328,2.67476,0.898521,0.334275,6.80606
-0.111278,0.111278,0.445111,-0.0861664,0.316036,5.32983,-0.151116,0.27604,13.4485,0.000180072,0.293233,13.6402
0.158248,-0.0792597,7.70047,0.173468,-0.0761667,7.99444,0.159844,-0.0824666,8.07664,0.168489,-0.0839139,8.55767
0.0329218,0.0424198,7.04795,0.0718969,0.0466657,7.08388,0.0383679,0.0350595,8.71179,0.0541831,0.0324451,9.63255
0.131704,0.0203824,7.84019,0.118187,0.0198908,8.15598,0.131567,0.0258047,7.97807,0.117243,0.0267963,8.34138
0.0195582,0.0027344,7.31321,0.0211185,0.0026113,7.17835,0.0206766,0.00528964,8.67537,0.0105347,0.00569193,9.27793
0.0958188,-0.00973873,8.04951,0.0924476,-0.00981665,8.21985,0.0958044,-0.00871965,7.95638,0.0932404,-0.00857635,8.06732
-1.06902e-16,1.1189e-16,0,-0.0892209,-0.050707,0.356884,0.152305,0.134871,11.9586,0.462896,0.26346,19.8591
2.28844,0.618402,10.2105,1.27979,0.731834,13.5747,0.200726,0.200726,0.802903,1.1821,1.10049,6.91499
5.59448e-17,5.72459e-17,0,-0.00501157,0.78846,3.15384,-0.28218,0.72207,12.7182,0.292013,0.811555,17.3221
1.34771,0.304118,10.2995,1.11175,0.330409,12.2859,0.518074,0.421301,2.07229,1.0843,0.413582,6.78116
-6.01949e-16,4.90059e-17,0,-0.0172167,0.503527,4.47682,-0.32184,0.345623,13.5049,0.0950778,0.396279,14.949
0.117234,-0.0829005,5.87471,0.163826,-0.0787142,3.1107,0.208921,-0.105186,11.5216,0.173964,-0.103516,11.832
0.577319,-0.289271,9.69024,0.585962,-0.289282,8.83086,0.563652,-0.298469,7.72161,0.597162,-0.294584,5.86136
0.0114129,-0.22221,6.11944,0.0630479,-0.219642,3.64125,0.0563986,-0.238116,11.3287,0.0560531,-0.238963,11.6961
0.457578,-0.159886,9.4806,0.504773,-0.155457,9.11445,0.455554,-0.180838,7.42842,0.519463,-0.184047,5.99529
-0.0327973,-0.131186,6.16166,-0.00787694,-0.130849,4.08451,-0.0133262,-0.13601,10.9506,-0.0207945,-0.136021,11.4925
-8.67362e-19,-8.67362e-19,1.54074e-33,-8.67362e-19,-2.73219e-16,-3.08149e-33,0.270528,0.113251,11.4041,0.547666,0.297285,20.8763
1.67053,0.516277,6.68214,1.34203,0.695541,12.0266,0.839226,0.839226,3.3569,1.30112,1.17113,9.66973
1.73472e-18,0,0,0.647062,1.12266,6.30873,0.250637,0.919951,11.5919,0.877904,1.03172,15.0474
0.945073,0.556614,7.46358,1.09873,0.554317,10.9982,0.933422,0.467967,4.31968,1.06989,0.5132,8.99631
0.163169,0.163169,0.652675,0.285894,0.473211,6.57361,0.327341,0.487532,12.1389,0.380991,0.499635,13.3413
0.199175,-0.125744,10.0586,0.044675,-0.0674058,15.9786,0.284103,-0.181061,3.60163,0.358738,-0.195353,2.65942
-0.869686,0.494553,3.8955,-0.565789,0.548196,3.97876,-0.8688,0.45735,9.68541,-0.706545,0.448046,15.6273
0.315805,0.34023,9.86469,0.0279885,0.329894,15.3454,0.367712,0.37691,3.71399,0.227342,0.396896,2.66857
-0.689181,0.224664,5.04,-0.647824,0.228935,4.37942,-0.679151,0.234582,9.79189,-0.70238,0.239148,13.9777
0.226787,0.137825,10.2229,0.108921,0.134041,14.6321,0.258817,0.149308,4.32841,0.228203,0.154788,2.53083
0,0,0,0.0460918,0.162438,5.47669,0.21519,0.22422,11.765,0.371304,0.273008,14.8004
1.50745,0.592037,9.9627,1.06333,0.655972,12.7079,0.31863,0.31863,1.27452,0.968566,0.810004,7.52485
-0.14706,0.14706,0.588241,0.0465067,0.61844,6.8789,-0.0310965,0.564697,11.9745,0.185485,0.601756,13.434
0.925344,0.316837,10.2489,0.86082,0.327376,11.836,0.536568,0.343409,2.14627,0.819764,0.349223,7.17308
-0.13744,0.272866,1.62496,-0.0565152,0.273319,6.82351,-0.0690907,0.256601,11.6907,0.0188304,0.271331,12.557
0.169153,-0.123499,10.7779,0.0496314,-0.0749335,16.5655,0.331973,-0.190001,2.81751,0.328056,-0.19437,2.1068
-0.898213,0.481985,3.87268,-0.61661,0.528469,4.30847,-0.935182,0.42493,9.82812,-0.695208,0.42188,15.2399
0.307171,0.332591,10.5683,0.0839581,0.328016,16.0246,0.406939,0.357379,2.88028,0.25183,0.373975,2.05982
-0.716268,0.206487,4.921,-0.687671,0.209821,4.56245,-0.718182,0.212186,9.96994,-0.706554,0.218082,13.8089
0.258724,0.134368,10.8931,0.174974,0.133394,15.3949,0.31415,0.140113,3.46559,0.270711,0.144143,1.88345
0,0,0,0,0,0,0.134399,0.241215,10.7789,0.51734,0.414527,21.2561
2.40698,0.320355,9.62792,1.73842,1.38708,15.0238,0,0,0,1.32666,1.64773,6.59092
1.67834e-16,1.72605e-16,0,0.0867234,0.980549,4.52059,-0.0709347,0.877816,11.4481,0.414827,0.974926,17.1109
1.66769,0.462363,10.192,1.1946,0.528904,12.6158,0.273675,0.273675,1.0947,1.13129,0.685929,7.36799
-1.37477e-16,1.36393e-16,0,0.100732,0.630928,6.35386,-0.169987,0.483663,12.4066,0.220911,0.542938,14.0628
0.139335,-0.196655,4.61225,0,0,0,0.403834,-0.279951,14.6343,0.341278,-0.263364,13.0451
1.09073,-0.652459,11.9998,1.51973,-0.585598,10.5323,1.02397,-0.802773,7.12996,0.519972,-0.519972,2.07989
0.0979227,-0.680658,5.93808,-0.109162,-0.157235,0.628942,0.215539,-0.634142,13.3331,-0.00665986,-0.609129,13.23
0.875615,-0.352293,11.2097,0.94895,-0.34157,10.8979,0.857899,-0.379236,6.67304,0.715482,-0.383619,2.86193
-0.0513283,-0.29869,5.90771,-0.0925499,-0.303016,1.63899,0.00735529,-0.291725,12.4463,-0.0405347,-0.286724,12.9495
-2.51535e-17,-2.60209e-17,0,-2.68882e-17,2.77556e-17,0,0.0717071,0.230625,10.9055,0.498136,0.439732,21.2791
1.56153,0.361799,6.24612,1.48535,0.835394,12.1253,0.733394,0.733394,2.93358,1.34394,1.90329,10.3411
-2.53486e-16,9.08561e-17,0,0.817366,1.38209,7.54042,0.11062,1.02914,10.7598,1.03921,1.19583,14.5347
0.909551,0.664941,7.00142,1.07994,0.655233,10.88,0.888443,0.566647,4.24099,1.06233,0.617739,9.59635
0.258069,0.258069,1.03228,0.340438,0.565868,7.40396,0.341191,0.558496,11.1696,0.424714,0.576437,12.9489
0,6.93889e-18,0,0,0,0,0.68128,-0.595208,22.7902,-0.128511,-0.24485,9.49383
1.34181,-0.738419,6.58328,0,0,0,1.87313,-2.84599,18.1783,1.87766,-1.87766,7.51064
1.94562,-1.66223,10.9404,0.818703,-0.818703,3.27481,2.02183,-1.38684,12.5596,0.871819,-1.19392,5.36108
1.0826,-1.19225,7.92046,0.0104767,-0.0104767,0.0419069,1.26265,-1.31415,14.4304,1.34021,-1.30034,10.0816
1.25708,-0.741036,9.85427,0.938461,-0.756953,4.43082,1.28394,-0.664658,11.1933,0.95276,-0.608523,6.40453
-1.50921e-16,-1.56125e-16,0,-1.61329e-16,1.68268e-16,0,0.0584047,0.223509,11.4307,0.545722,0.455759,20.8913
0.827401,0.540883,3.3096,1.2263,0.782327,10.3827,1.53964,1.34781,6.15857,1.28432,1.25144,12.0929
0.29476,0.29476,1.17904,1.02563,1.2877,8.61398,0.675314,1.12588,9.59144,1.20063,1.23342,13.2377
0.842693,0.702927,4.5427,0.941797,0.709802,9.56229,0.866065,0.679443,7.05093,0.975585,0.718219,10.9589
0.582777,0.483277,2.33594,0.510591,0.507139,7.98989,0.637915,0.561784,10.0252,0.582643,0.561684,12.0253
1.11022e-16,1.249e-16,0,-1.17961e-16,1.249e-16,0,0.669789,-0.558057,21.8879,-0.0446087,-0.249696,10.3864
1.213,-0.805732,7.91348,7.80626e-18,-6.93889e-18,0,1.67306,-1.78596,15.8771,2.07259,-1.97198,8.29038
1.70911,-1.45112,10.3541,0.723426,-0.734224,2.9369,1.79941,-1.25963,12.4086,0.812621,-1.07415,6.46208
0.968772,-0.972818,8.30923,0.215743,-0.215743,0.862974,1.12584,-1.09516,13.3469,1.2567,-1.0927,9.84297
1.05795,-0.638086,9.41875,0.849231,-0.641022,4.09628,1.0935,-0.610275,11.1574,0.88332,-0.565654,7.28048
0,0,0,0,-5.55112e-17,0,0.072655,0.255749,11.4889,0.569839,0.477625,20.812
0.938171,0.62267,3.75268,1.20447,0.798617,10.4991,1.47491,1.13795,5.89963,1.25827,1.10878,11.7165
0.267517,0.267517,1.07007,0.939369,1.19069,8.53276,0.737536,1.09984,9.81735,1.1223,1.18133,13.1712
0.828173,0.679172,4.98504,0.966202,0.680985,9.76864,0.845261,0.63408,6.64173,0.989128,0.677441,10.6545
0.526879,0.463521,2.19359,0.478658,0.486528,7.95974,0.593106,0.531835,10.1896,0.559858,0.534254,12.0337
-0.0191115,-0.14813,3.25457,0,0,0,0.577903,-0.326416,15.7634,0.370359,-0.273245,13.2372
1.14121,-0.55331,11.5981,1.5248,-0.490176,10.5067,1.03264,-0.675264,7.43876,0.526163,-0.526163,2.10465
0.0830718,-0.697947,5.78865,0,0,0,0.291653,-0.63673,13.3355,-0.140118,-0.577625,13.903
0.906096,-0.323958,10.9592,0.946358,-0.317542,10.9545,0.859653,-0.342861,6.97871,0.674353,-0.340278,2.69741
-0.0827766,-0.291112,6.06325,-0.111342,-0.203031,0.812122,0.0173548,-0.291845,12.2592,-0.0590626,-0.284274,13.7444
2.23671e-16,2.30285e-16,0,0.0243748,0.17551,4.68697,0.286714,0.261447,12.6156,0.449038,0.304498,14.8765
1.4382,0.522234,10.3958,1.06775,0.580381,11.9656,0.421543,0.421543,1.68617,0.966683,0.69477,7.55
-0.0512246,0.0512246,0.204898,0.0530207,0.650683,6.59366,-0.118512,0.555514,13.0948,0.214603,0.605513,13.0626
0.919707,0.308674,10.8428,0.860769,0.317545,11.3392,0.56323,0.335711,2.25292,0.816032,0.337823,7.09192
-0.141713,0.265166,1.15436,-0.0957335,0.264324,6.54784,-0.0761824,0.259256,12.8123,-0.00863556,0.26838,12.2978
0.229626,-0.174184,8.46539,0.234401,-0.174501,8.02109,0.226767,-0.177967,8.20791,0.234706,-0.178127,7.50972
0.0904962,-0.0750381,7.97379,0.121071,-0.0716834,7.26635,0.0961671,-0.0839607,8.61922,0.121278,-0.0871732,8.51941
0.156385,-0.0675307,8.53542,0.154861,-0.0678938,8.42702,0.152697,-0.0686372,7.96417,0.155632,-0.0683996,7.30032
0.0464951,-0.0669219,8.13847,0.0466394,-0.0673969,7.61318,0.0482159,-0.0673605,8.42874,0.0466951,-0.0669682,8.16714
0.10095,-0.0643104,8.67949,0.0998531,-0.0644772,8.71173,0.0971502,-0.0651885,7.81389,0.100344,-0.0650385,7.00381
0.0958728,0.134136,1.30042,0.136499,0.161713,6.92919,0.259163,0.20085,11.5263,0.30663,0.212538,12.361
0.844091,0.468333,10.0322,0.85219,0.472108,11.4168,0.652622,0.450312,2.61049,0.78414,0.473004,7.63986
-0.0431009,0.373026,2.20691,0.0363801,0.374988,7.16665,0.0465071,0.366738,11.376,0.132926,0.380601,12.0258
0.677607,0.254625,10.428,0.645137,0.259958,10.9434,0.657625,0.266614,3.06165,0.610364,0.270268,7.18485
-0.088392,0.221432,2.97031,-0.0425851,0.221162,7.09441,-0.0362013,0.214687,11.175,0.0130193,0.221995,11.4234
0.180045,-0.175555,6.59222,0.147125,-0.156287,1.68979,0.320614,-0.21167,12.1247,0.290836,-0.206526,11.7944
0.820825,-0.473361,11.0163,0.795677,-0.474607,10.0841,0.774105,-0.466897,7.46226,0.755733,-0.450799,3.25836
0.0527608,-0.373605,6.79941,0.0056318,-0.372818,2.54322,0.131685,-0.377693,11.7947,0.0834806,-0.371577,11.6972
0.635281,-0.259082,10.611,0.684626,-0.252075,10.5623,0.61217,-0.275074,6.95304,0.673721,-0.277811,3.60283
-0.0279357,-0.222127,6.72336,-0.0635938,-0.224728,3.27088,0.0175734,-0.218734,11.2134,-0.0193005,-0.214396,11.5205
0,0,0,0,-6.10623e-16,0,0.159076,0.291895,11.4973,0.568819,0.450718,20.6709
2.2779,0.596826,9.11159,1.46789,0.919272,12.8399,0.25352,0.25352,1.01408,1.27206,1.56789,8.51266
-1.11022e-16,0,0,0.385506,1.10894,5.54113,0.0307706,0.926439,11.7745,0.692421,1.03712,15.7001
1.27613,0.479704,9.5404,1.17501,0.501401,11.6165,0.583029,0.528556,2.33211,1.12383,0.534147,8.00582
-0.030993,0.0520949,0.20838,0.223592,0.586802,6.64813,0.0823565,0.508039,12.6054,0.336114,0.545276,13.294
-4.89192e-16,1.66533e-16,0,-1.66533e-16,1.73472e-16,0,0.653211,-0.51872,21.2462,0.0678639,-0.300465,11.012
1.45513,-0.825248,10.5986,0.870403,-0.476702,3.48161,1.45603,-1.52168,12.1297,1.41791,-1.41791,5.67166
1.18991,-1.34949,8.72018,0.361712,-0.361712,1.44685,1.35879,-1.21118,13.2485,0.600081,-1.09285,9.10132
1.02982,-0.729167,9.66703,0.903132,-0.727565,4.73886,1.05815,-0.724561,10.9211,0.923201,-0.69097,6.69557
0.603168,-0.529488,8.03698,0.626541,-0.512616,2.5675,0.667517,-0.566422,12.0216,0.690346,-0.563049,9.6692
0,0,0,0,-8.32667e-17,0,-0.227546,0.181756,9.60559,0.658664,0.582605,22.6669
8.67362e-19,0,0,0.699469,0.510563,2.79788,1.85684,1.85684,7.42738,2.31216,2.88244,22.0489
0.957925,0.957925,3.8317,2.21032,1.36459,11.7724,1.03374,1.03374,4.13497,2.19242,1.79229,12.205
1.08854e-16,1.1189e-16,0,1.00799,1.3043,5.53275,1.12725,1.33684,9.84695,1.43884,1.428,17.2333
1.06859,0.761437,4.64287,1.39171,0.754198,10.3674,1.07358,0.619363,5.62633,1.4128,0.693964,11.116
1.68268e-16,-1.70003e-16,0,-1.75207e-16,-1.80411e-16,0,3.03466,-3.89106,24.7162,1.79939,-1.97088,7.88353
2.50751,-1.71585,11.0667,0.751981,-0.751981,3.00792,2.60974,-1.46055,12.6251,1.21442,-1.21011,5.21882
1.16718,-1.20938,4.83753,0,0,0,1.72508,-1.51655,17.6318,1.45689,-1.43261,10.0618
1.52598,-0.759536,9.79538,0.952759,-0.746294,3.81104,1.57043,-0.752302,11.5101,1.37618,-0.704691,6.70948
0.867727,-0.69978,6.50109,1.73472e-18,0,0,1.01551,-0.864642,14.4789,1.37058,-0.898333,11.3964
0,0,0,0,-1.07553e-16,0,-0.150471,0.22584,10.5867,0.637694,0.578791,21.7522
1.90115e-16,1.95644e-16,0,0.662608,0.730115,3.65873,2.07874,1.91278,8.31498,1.90626,1.85475,20.2225
0.870788,0.870788,3.48315,1.83163,1.38327,11.0622,1.18693,1.12348,5.34222,1.89003,1.30729,12.1533
5.81132e-17,5.72459e-17,1.27111e-32,0.891971,1.15015,6.54244,1.26256,1.29339,10.4411,1.25025,1.32624,15.6026
0.942581,0.695595,4.34996,1.22594,0.688979,9.91657,0.966901,0.581674,6.56418,1.25436,0.65061,11.0486
0.761011,-0.846534,3.38614,0,0,0,2.09759,-2.10135,20.2752,1.98952,-1.91898,8.64677
1.91585,-1.25011,10.8886,0.988585,-0.988585,3.95434,1.95796,-1.1626,11.7005,1.26691,-1.01305,5.4026
0.889696,-1.04208,6.01265,1.73472e-18,0,0,1.28473,-1.23567,15.6251,1.39335,-1.22012,10.8857
1.29945,-0.646752,9.84686,1.02145,-0.664685,4.85693,1.31917,-0.604176,10.6616,1.03882,-0.547963,6.45565
0.653778,-0.563032,7.17554,0.0532556,-0.0532556,0.213022,0.769432,-0.688998,13.1758,1.07543,-0.723784,11.8294
1.18015e-16,1.95698e-16,0,-0.0927799,0.135651,3.41732,0.322328,0.273128,13.2675,0.581093,0.339801,15.6107
1.34459,0.468319,10.2758,1.08838,0.512491,11.3442,0.573445,0.573445,2.29378,0.975916,0.595068,7.78519
-2.24647e-16,1.18829e-16,0,0.0627751,0.683493,6.15493,-0.16813,0.565348,13.8031,0.284077,0.63573,13.0673
0.805144,0.337096,10.6584,0.83914,0.331754,10.772,0.713009,0.315067,2.85204,0.787809,0.331338,7.37104
-0.103943,0.205849,0.823395,-0.107365,0.286588,6.48209,-0.0558956,0.295393,13.5454,-0.00367613,0.299578,12.0228
0.145508,-0.173385,6.67541,0.161192,-0.155072,1.46498,0.330305,-0.217226,11.9117,0.285098,-0.212308,12.127
0.780601,-0.414229,10.7415,0.751391,-0.417254,9.81292,0.717551,-0.416684,7.66488,0.7286,-0.398614,3.57739
0.0121962,-0.317886,6.86992,0.00604759,-0.315371,2.33435,0.113703,-0.331764,11.5857,0.069451,-0.326709,11.9563
0.591282,-0.227012,10.4463,0.627232,-0.221815,10.3645,0.558183,-0.242164,7.18256,0.625929,-0.242474,3.72796
-0.07333,-0.187217,6.84914,-0.0821428,-0.187797,3.06894,-0.0164558,-0.191217,11.0711,-0.0480156,-0.187826,11.6786
0.193667,0.163448,11.0177,0.21687,0.165386,9.57242,0.219693,0.172299,4.93897,0.199804,0.169957,6.64459
-0.165955,-0.109531,5.99918,-0.267895,-0.0966797,7.04338,-0.165811,-0.0608383,10.4135,-0.249163,-0.0734946,9.16416
0.161814,-0.0537124,11.1683,0.196017,-0.0563334,9.56706,0.178431,-0.0634703,4.73009,0.184275,-0.0608941,6.46729
-0.229536,-0.0145674,6.26896,-0.236038,-0.0143658,7.43789,-0.225064,-0.012974,9.77859,-0.222952,-0.0131286,9.12869
0.14597,0.0048375,11.2053,0.15358,0.00437673,9.78141,0.153288,0.00345901,4.43709,0.143269,0.00410321,6.52608
0.245998,-0.176649,8.74881,0.231793,-0.177519,7.7737,0.242214,-0.176155,8.44852,0.227771,-0.172697,7.1474
0.167938,-0.120128,8.61316,0.174073,-0.118557,7.72427,0.166365,-0.124845,8.49298,0.172827,-0.124508,7.43818
0.168623,-0.100945,8.78559,0.16341,-0.101214,8.19235,0.163661,-0.101073,8.19266,0.158565,-0.0995142,7.03567
0.117082,-0.0889368,8.6694,0.112204,-0.0892223,8.06036,0.114108,-0.088973,8.25911,0.109056,-0.0876753,7.24402
0.118199,-0.0796569,8.85415,0.114427,-0.0799746,8.49996,0.11287,-0.0793748,7.98958,0.108867,-0.0782361,6.83928
0.122482,0.14778,2.26472,0.175861,0.170312,7.19094,0.263635,0.19629,10.8593,0.299565,0.205641,11.8314
0.715842,0.452363,10.0062,0.775562,0.448272,11.1163,0.656229,0.404065,3.03014,0.724245,0.429379,7.65235
-0.00591395,0.351644,3.03378,0.0650262,0.354079,7.36965,0.0742174,0.347646,10.7951,0.137861,0.357561,11.5522
0.627379,0.244713,10.4373,0.602534,0.248675,10.7342,0.60008,0.25126,3.36745,0.57312,0.25458,7.1769
-0.0600854,0.216415,3.68333,-0.00976136,0.215359,7.27678,-0.0113943,0.206571,10.6701,0.0342795,0.212863,11.0219
-2.92626e-16,3.05745e-16,0,-3.10082e-16,3.23201e-16,0,0.658171,-0.445721,19.9745,0.268855,-0.331562,12.2085
1.45644,-0.954709,13.9524,2.75091,-0.756451,11.1858,1.24315,-1.34012,6.2648,0,0,0
0.0545714,-0.89482,3.57928,0,0,0,0.398658,-0.909049,16.6979,-0.0824005,-0.839019,12.9335
1.204,-0.466181,12.2465,1.81425,-0.38103,11.7752,1.1315,-0.645196,6.3839,0.238709,-0.238709,0.954836
0.0159031,-0.572023,5.09111,0,0,0,0.162392,-0.489829,14.1454,-0.220126,-0.442795,13.7506
0,0,0,0,-2.22045e-16,0,-0.0470247,0.260458,10.3675,0.627197,0.535434,21.8591
0.223421,0.166716,0.893686,1.54638,0.752635,10.0798,1.77358,1.77358,7.0943,1.60098,1.839,13.8625
0.553996,0.609487,2.43795,1.5926,1.48079,10.0635,0.623617,1.07666,6.89739,1.73695,1.27235,12.8631
0.584376,0.584376,2.3375,1.02629,0.868167,9.16701,1.03066,0.873485,8.16141,1.12006,0.906271,12.5275
0.799807,0.600085,3.53011,0.898314,0.60599,9.18653,0.840318,0.584169,7.724,0.945509,0.611477,11.5933
-1.38778e-17,2.08167e-17,-2.46519e-32,-1.38778e-17,1.38778e-17,0,1.21986,-0.900527,24.1286,-0.531107,-0.17319,8.22504
3.05311e-16,3.26128e-16,0,3.26128e-16,3.33067e-16,0,3.23534,-5.03379,26.5586,1.5446,-1.5446,6.17839
0.129972,-0.129972,0.519887,0,0,0,5.45309,-4.61665,25.5553,1.50798,-1.50798,6.03191
2.79934,-1.91535,11.1974,0.0587365,-0.0587365,0.234946,3.58752,-2.116,14.3501,1.50436,-1.50436,6.01746
1.25706,-1.25706,5.02824,0,0,0,2.99709,-1.87383,18.9737,1.45419,-1.54536,8.27715
0,0,0,0,-1.66533e-16,0,0.0389939,0.36142,11.1404,0.854472,0.692329,21.2524
1.82146e-16,1.89085e-16,0,0.753392,0.883795,4.73708,2.15092,1.64294,8.60369,1.99495,1.66222,18.7051
0.846594,0.846594,3.38638,1.77059,1.33941,10.9735,1.28643,1.16654,5.60383,1.84126,1.32864,12.0684
7.80626e-17,7.80626e-17,0,1.0488,1.20355,8.33579,1.25561,1.27728,10.4276,1.31061,1.30724,13.7611
0.880207,0.734487,4.4825,1.2087,0.705915,9.99779,0.904384,0.591352,6.54798,1.24042,0.672543,10.8916
0.191906,-0.254961,7.4445,0.213228,-0.213228,0.852911,0.436482,-0.30882,11.4349,0.372956,-0.304806,12.461
0.827823,-0.482127,10.2733,0.802689,-0.486903,9.64241,0.745429,-0.498222,8.27028,0.777179,-0.474603,3.58739
0.0675895,-0.382509,7.73552,0.0657866,-0.381605,2.48736,0.185202,-0.399935,10.8713,0.125618,-0.391356,11.6391
0.564165,-0.271147,9.8478,0.602933,-0.262949,10.0238,0.517119,-0.289355,7.8541,0.598154,-0.291758,4.03517
-0.0168552,-0.230814,7.80582,-0.0267271,-0.233953,3.85352,0.0386732,-0.236092,10.1785,-0.000919357,-0.229701,10.7755
0.252663,0.269583,9.77471,0.28461,0.263629,9.55577,0.238025,0.258128,4.8893,0.255247,0.263666,7.83985
-0.0274033,0.0650043,6.7197,-0.0729802,0.0731425,8.34257,-0.0186698,0.0954325,8.37044,-0.0636855,0.0872748,8.98116
0.166211,0.068397,10.1245,0.175364,0.0667272,9.47301,0.152592,0.0656841,4.78534,0.152447,0.0679631,7.57762
-0.105047,0.0830786,7.40156,-0.0957274,0.0816106,8.60696,-0.104122,0.0803709,7.64056,-0.0941679,0.0828819,8.73667
0.0945465,0.0779486,10.3572,0.0945274,0.0776507,9.58426,0.0773688,0.0775767,4.53603,0.0741767,0.0791345,7.51488
0.561948,-0.522077,12.9909,0.703783,-0.43328,19.0243,0,0,0,0,0,0
-1.32379,0.750924,5.7626,-0.456208,0.918212,6.86743,-1.38955,0.537385,7.875,-0.440246,0.404016,12.5395
0.0427147,0.446946,10.2602,-0.24216,0.418854,17.4912,0.155805,0.486398,3.26152,-0.127063,0.161186,0.644745
-0.782981,0.206995,6.89678,-0.819456,0.200691,7.27414,-0.780795,0.218036,8.23452,-0.814565,0.229318,10.8022
-0.0186358,0.172281,10.5908,-0.0313473,0.175556,16.9095,0.00836192,0.168227,3.80619,-0.0121376,0.10684,0.427358
0.284312,0.273809,14.6998,0.28376,0.275224,11.1135,0.180946,0.180946,0.723786,0.325791,0.276207,5.39375
-0.356499,-0.13232,5.86922,-0.510366,-0.10207,7.55066,-0.303317,-0.0270938,10.0577,-0.516172,-0.0592491,9.32919
0.280025,-0.0789147,14.4639,0.250142,-0.0776659,10.7481,0.218684,-0.074937,1.05262,0.25484,-0.0762958,5.23558
-0.397746,0.0068031,6.56361,-0.388378,0.0078725,8.00546,-0.372492,0.0102234,9.07307,-0.378977,0.00907704,9.12108
0.257437,-0.00547945,14.1816,0.214308,-0.00320099,10.7677,0.184742,0.00166655,1.19386,0.194319,-0.000415882,5.44258
0.320882,-0.288255,7.97577,0.151719,-0.262938,2.66377,0.425819,-0.301795,11.767,0.328065,-0.283073,9.6095
0.912218,-0.639632,11.574,1.10572,-0.603051,10.9671,0.829735,-0.682213,7.55196,0.394166,-0.394166,1.57667
0.18751,-0.499913,8.1771,0.0129184,-0.506954,3.85665,0.254897,-0.478447,11.2406,0.101428,-0.457477,9.45338
0.689869,-0.331797,10.9831,0.73601,-0.325767,11.4676,0.646333,-0.336336,6.92956,0.551757,-0.335592,2.20703
0.0930257,-0.310328,8.02546,-0.0432822,-0.323498,4.82928,0.137285,-0.285112,10.4415,0.00449686,-0.267751,9.30488
0,0,0,0,-4.44089e-16,0,0.0772247,0.353392,10.1974,0.911858,0.752966,21.8923
1.96581,0.550212,7.86322,3.63215,4.83118,19.3247,0,0,0,1.08947,1.08947,4.35788
8.96017,8.96017,35.8407,0.639055,0.639055,2.55622,0,0,0,0,0,0
1.02007,-1.02007,4.0803,-1.33262,-1.33262,5.33049,2.56351,-2.56351,10.254,-2.01097,2.01097,8.04388
3.1552,-3.1552,12.6208,-0.180047,-1.1868,4.74718,0.918687,0.824281,3.67475,-1.54466,1.54466,6.17865
0,0,0,0,0,0,43.4661,43.4661,173.864,0,0,0
0,0,0,-10.6526,-35.3492,141.397,9.2842,-9.2842,37.1368,0,0,0
0,0,0,-9.54825,9.54825,38.193,-16.4049,16.4049,65.6196,0,0,0
0,0,0,0,0,0,-17.8143,16.3313,71.2574,0,0,0
0,0,0,0,0,0,-1.46559,1.46559,5.86236,-15.8228,-15.8228,63.291
-165,-165,660,-165,-165,660,-165,-165,660,-165,-165,660
0,0,0,0,0,0,0,0,0,0,0,0
165,-165,660,-165,-165,660,-165,-165,660,31.4421,-165,660
0,0,0,0,0,0,0,0,0,0,0,0
165,-165,660,165,-165,660,165,-165,660,165,-165,660
0,0,0,0,0,0,0,0,0,0,0,0
165,165,660,165,165,660,165,165,660,165,165,660
165,165,660,165,-165,660,165,165,660,165,165,660
-165,165,660,-165,165,660,-165,165,660,-165,165,660
0,0,0,0,0,0,0,0,0,0,0,0
0,0,0,0,0,0,0,0,0,0,0,0
165,165,660,165,165,660,118.929,165,660,165,165,660
-165,-165,660,-165,-165,660,-165,-165,660,-165,-165,660
165,-165,660,165,-165,660,165,-165,660,165,-165,660
0,0,0,0,0,0,0,0,0,0,0,0
-165,165,660,-165,165,660,-165,165,660,-165,165,660
-79.7443,79.7443,318.977,0,0,0,0,0,0,0,0,0
165,-165,660,165,165,660,165,-165,660,165,-152.573,660
165,165,660,165,165,660,149.292,149.292,597.167,0,0,0
165,-165,660,165,-165,660,165,-165,660,165,-165,660
